terminal,lat_deg,lon_deg,availability_pct,throughput_mean_mbps,throughput_p5_mbps,throughput_p50_mbps,throughput_p95_mbps,latency_mean_ms,latency_p95_ms,visible_sats_mean,handovers_per_hour
madrid,40.42,-3.7,100.0,64.605,51.135,59.913,97.156,19.558,20.648,4.193,42.167
london,51.51,-0.13,100.0,53.425,28.575,51.135,80.964,19.37,19.707,6.282,58.5
berlin,52.52,13.4,100.0,48.26,26.988,42.242,80.964,19.245,19.411,5.936,50.833
rome,41.9,12.5,100.0,55.592,51.135,53.976,64.771,19.664,20.859,4.54,43.167
stockholm,59.33,18.07,100.0,34.003,24.63,32.096,50.708,20.379,20.744,2.068,27.5
grid_+36.0_-10.0,36.0,-10.0,100.0,184.943,60.723,121.445,485.782,19.878,21.185,3.516,36.833
grid_+36.0_-8.0,36.0,-8.0,100.0,120.1,59.959,97.156,242.891,19.803,20.935,3.52,37.667
grid_+36.0_-6.0,36.0,-6.0,100.0,94.553,59.913,74.891,161.927,19.814,20.911,3.521,37.167
grid_+36.0_-4.0,36.0,-4.0,100.0,83.373,57.151,69.397,121.445,19.905,21.149,3.519,37.0
grid_+36.0_-2.0,36.0,-2.0,100.0,73.973,57.151,64.771,97.156,20.076,21.547,3.517,37.167
grid_+36.0_+0.0,36.0,0.0,100.0,69.013,57.151,64.771,81.699,20.261,21.605,3.515,37.0
grid_+36.0_+2.0,36.0,2.0,100.0,68.415,57.151,64.771,74.736,20.384,21.481,3.521,37.167
grid_+36.0_+4.0,36.0,4.0,100.0,67.336,57.151,64.192,74.736,20.458,21.364,3.526,36.667
grid_+36.0_+6.0,36.0,6.0,100.0,68.518,57.151,63.956,74.736,20.512,21.252,3.524,37.0
grid_+36.0_+8.0,36.0,8.0,100.0,68.072,56.168,64.192,74.736,20.548,21.324,3.551,37.167
grid_+36.0_+10.0,36.0,10.0,100.0,66.676,56.168,63.956,74.736,20.569,21.549,3.513,36.333
grid_+36.0_+12.0,36.0,12.0,100.0,68.023,57.151,64.771,74.736,20.576,21.788,3.528,36.833
grid_+36.0_+14.0,36.0,14.0,100.0,71.387,57.151,64.771,80.964,20.575,21.835,3.526,36.833
grid_+36.0_+16.0,36.0,16.0,100.0,74.867,57.151,64.771,97.156,20.641,22.009,3.513,36.833
grid_+36.0_+18.0,36.0,18.0,100.0,80.722,57.151,69.397,121.445,20.802,22.427,3.533,37.167
grid_+36.0_+20.0,36.0,20.0,100.0,93.446,57.151,74.736,161.927,21.042,22.867,3.526,36.667
grid_+36.0_+22.0,36.0,22.0,100.0,118.6,57.151,97.156,242.891,21.373,23.375,3.528,36.833
grid_+36.0_+24.0,36.0,24.0,100.0,168.767,56.168,107.952,485.782,21.651,23.575,3.534,37.167
grid_+38.0_-10.0,38.0,-10.0,100.0,160.071,57.151,121.445,449.345,19.93,21.306,3.785,32.5
grid_+38.0_-8.0,38.0,-8.0,100.0,109.694,56.168,97.156,224.673,19.857,21.13,3.785,33.0
grid_+38.0_-6.0,38.0,-6.0,100.0,86.997,56.168,74.736,159.891,19.867,21.095,3.777,33.0
grid_+38.0_-4.0,38.0,-4.0,100.0,75.416,53.976,69.397,112.336,19.958,21.308,3.781,32.5
grid_+38.0_-2.0,38.0,-2.0,100.0,69.457,56.168,64.771,95.935,20.132,21.673,3.782,33.0
grid_+38.0_+0.0,38.0,0.0,100.0,66.068,53.976,64.771,80.964,20.314,21.784,3.786,33.0
grid_+38.0_+2.0,38.0,2.0,100.0,64.56,53.976,64.192,74.736,20.433,21.754,3.77,32.833
grid_+38.0_+4.0,38.0,4.0,100.0,64.024,53.976,60.723,74.736,20.505,21.669,3.782,32.167
grid_+38.0_+6.0,38.0,6.0,100.0,64.322,53.976,60.723,74.736,20.562,21.575,3.779,32.833
grid_+38.0_+8.0,38.0,8.0,100.0,63.908,52.864,60.723,74.736,20.599,21.644,3.767,33.167
grid_+38.0_+10.0,38.0,10.0,100.0,63.296,53.976,60.723,74.736,20.614,21.838,3.767,33.0
grid_+38.0_+12.0,38.0,12.0,100.0,63.909,53.976,60.723,74.736,20.603,22.021,3.789,32.333
grid_+38.0_+14.0,38.0,14.0,100.0,65.831,53.976,64.771,80.964,20.601,22.057,3.789,32.667
grid_+38.0_+16.0,38.0,16.0,100.0,70.15,56.168,64.771,97.156,20.68,22.198,3.773,32.833
grid_+38.0_+18.0,38.0,18.0,100.0,76.523,56.168,69.397,119.918,20.847,22.55,3.771,33.0
grid_+38.0_+20.0,38.0,20.0,100.0,87.54,56.168,74.736,149.782,21.088,23.019,3.784,32.167
grid_+38.0_+22.0,38.0,22.0,100.0,108.503,56.168,88.324,224.673,21.412,23.469,3.782,32.667
grid_+38.0_+24.0,38.0,24.0,100.0,152.152,56.168,112.336,449.345,21.732,23.582,3.785,35.333
grid_+40.0_-10.0,40.0,-10.0,100.0,159.718,53.976,97.156,485.782,19.737,21.073,4.118,42.667
grid_+40.0_-8.0,40.0,-8.0,100.0,98.971,51.135,74.736,224.673,19.596,20.709,4.101,42.333
grid_+40.0_-6.0,40.0,-6.0,100.0,77.149,51.135,64.771,149.782,19.542,20.501,4.114,42.833
grid_+40.0_-4.0,40.0,-4.0,100.0,65.178,51.135,60.723,97.156,19.578,20.667,4.097,42.667
grid_+40.0_-2.0,40.0,-2.0,100.0,60.09,51.135,57.151,80.964,19.686,20.965,4.094,42.5
grid_+40.0_+0.0,40.0,0.0,100.0,57.256,51.135,56.168,69.397,19.768,20.69,4.119,42.667
grid_+40.0_+2.0,40.0,2.0,100.0,55.881,51.135,53.976,64.771,19.811,20.431,4.11,42.5
grid_+40.0_+4.0,40.0,4.0,100.0,55.462,50.492,53.976,64.771,19.831,20.24,4.107,42.833
grid_+40.0_+6.0,40.0,6.0,100.0,55.291,50.492,53.976,64.771,19.83,20.258,4.112,42.333
grid_+40.0_+8.0,40.0,8.0,100.0,55.086,50.492,53.976,64.771,19.81,20.459,4.121,42.167
grid_+40.0_+10.0,40.0,10.0,100.0,54.959,50.492,53.976,64.771,19.774,20.735,4.121,42.5
grid_+40.0_+12.0,40.0,12.0,100.0,55.333,51.135,53.976,64.771,19.726,20.954,4.103,42.333
grid_+40.0_+14.0,40.0,14.0,100.0,57.202,51.135,53.976,74.736,19.701,20.826,4.111,42.167
grid_+40.0_+16.0,40.0,16.0,100.0,61.064,51.135,57.151,88.324,19.777,21.177,4.118,42.5
grid_+40.0_+18.0,40.0,18.0,100.0,67.485,51.135,60.723,107.952,19.959,21.651,4.119,42.333
grid_+40.0_+20.0,40.0,20.0,100.0,78.991,51.135,64.771,138.795,20.248,22.169,4.108,42.667
grid_+40.0_+22.0,40.0,22.0,100.0,99.443,51.135,80.964,239.836,20.597,22.628,4.117,42.667
grid_+40.0_+24.0,40.0,24.0,100.0,150.389,51.135,97.156,485.782,20.996,22.994,4.101,42.0
grid_+42.0_-10.0,42.0,-10.0,100.0,154.01,53.976,97.156,485.782,19.701,21.016,4.595,43.5
grid_+42.0_-8.0,42.0,-8.0,100.0,98.741,51.135,74.736,239.836,19.565,20.637,4.584,43.333
grid_+42.0_-6.0,42.0,-6.0,100.0,77.104,51.135,64.771,149.782,19.51,20.404,4.574,43.333
grid_+42.0_-4.0,42.0,-4.0,100.0,66.047,51.135,60.723,97.156,19.545,20.618,4.57,43.167
grid_+42.0_-2.0,42.0,-2.0,100.0,60.518,51.135,57.151,80.964,19.65,20.864,4.577,43.333
grid_+42.0_+0.0,42.0,0.0,100.0,57.454,51.135,57.151,69.397,19.733,20.666,4.589,43.333
grid_+42.0_+2.0,42.0,2.0,100.0,56.117,51.135,53.976,64.771,19.774,20.42,4.577,43.833
grid_+42.0_+4.0,42.0,4.0,100.0,55.67,51.135,53.976,64.771,19.792,20.209,4.578,43.667
grid_+42.0_+6.0,42.0,6.0,100.0,55.646,51.135,53.976,69.397,19.791,20.204,4.592,43.5
grid_+42.0_+8.0,42.0,8.0,100.0,55.365,51.135,53.976,64.771,19.769,20.406,4.571,43.333
grid_+42.0_+10.0,42.0,10.0,100.0,55.179,51.135,53.976,64.771,19.731,20.681,4.563,43.667
grid_+42.0_+12.0,42.0,12.0,100.0,55.295,51.135,53.976,64.771,19.679,20.907,4.581,43.333
grid_+42.0_+14.0,42.0,14.0,100.0,57.186,51.135,53.976,73.796,19.654,20.796,4.583,43.167
grid_+42.0_+16.0,42.0,16.0,100.0,61.202,51.135,57.151,88.324,19.734,21.126,4.578,43.667
grid_+42.0_+18.0,42.0,18.0,100.0,67.741,51.135,60.723,107.952,19.915,21.6,4.577,43.5
grid_+42.0_+20.0,42.0,20.0,100.0,79.253,51.135,64.771,159.891,20.199,22.087,4.58,43.167
grid_+42.0_+22.0,42.0,22.0,100.0,100.782,51.135,80.964,242.891,20.547,22.542,4.591,43.5
grid_+42.0_+24.0,42.0,24.0,100.0,157.878,52.864,97.156,485.782,20.953,22.981,4.573,43.167
grid_+44.0_-10.0,44.0,-10.0,100.0,181.522,60.723,107.952,485.782,20.034,21.049,5.363,31.833
grid_+44.0_-8.0,44.0,-8.0,100.0,102.662,57.151,80.964,194.313,19.865,20.737,5.383,31.167
grid_+44.0_-6.0,44.0,-6.0,100.0,80.159,53.976,69.397,138.795,19.783,20.553,5.368,31.5
grid_+44.0_-4.0,44.0,-4.0,100.0,70.758,53.976,69.397,88.324,19.787,20.576,5.356,31.833
grid_+44.0_-2.0,44.0,-2.0,100.0,67.513,53.976,69.397,80.964,19.844,20.57,5.368,31.5
grid_+44.0_+0.0,44.0,0.0,100.0,66.549,53.976,69.397,74.736,19.889,20.469,5.369,31.833
grid_+44.0_+2.0,44.0,2.0,100.0,66.16,51.135,69.397,74.736,19.896,20.2,5.386,32.167
grid_+44.0_+4.0,44.0,4.0,100.0,66.244,51.135,69.397,74.736,19.871,20.168,5.379,32.333
grid_+44.0_+6.0,44.0,6.0,100.0,66.377,51.135,69.397,74.736,19.819,20.342,5.363,32.0
grid_+44.0_+8.0,44.0,8.0,100.0,66.209,51.135,69.397,74.736,19.757,20.385,5.363,31.333
grid_+44.0_+10.0,44.0,10.0,100.0,66.314,51.135,69.397,74.736,19.72,20.586,5.361,31.667
grid_+44.0_+12.0,44.0,12.0,100.0,66.201,51.135,69.397,74.736,19.718,20.523,5.362,31.667
grid_+44.0_+14.0,44.0,14.0,100.0,66.61,51.135,69.397,74.736,19.758,20.51,5.351,31.833
grid_+44.0_+16.0,44.0,16.0,100.0,68.065,53.976,69.397,80.964,19.847,20.687,5.361,31.667
grid_+44.0_+18.0,44.0,18.0,100.0,71.562,53.976,69.397,97.156,19.967,20.986,5.386,31.667
grid_+44.0_+20.0,44.0,20.0,100.0,80.691,53.976,74.736,121.445,20.119,21.411,5.366,32.0
grid_+44.0_+22.0,44.0,22.0,100.0,103.331,57.151,80.964,194.313,20.292,21.671,5.361,32.167
grid_+44.0_+24.0,44.0,24.0,100.0,180.248,64.771,107.952,485.782,20.517,22.005,5.393,31.333
grid_+46.0_-10.0,46.0,-10.0,100.0,180.952,69.397,107.952,485.782,19.82,20.637,6.603,45.833
grid_+46.0_-8.0,46.0,-8.0,100.0,106.147,64.771,88.324,194.313,19.641,20.371,6.585,45.833
grid_+46.0_-6.0,46.0,-6.0,100.0,82.072,60.723,74.736,121.445,19.541,20.173,6.609,45.5
grid_+46.0_-4.0,46.0,-4.0,100.0,74.012,60.723,69.397,88.324,19.539,20.202,6.599,45.833
grid_+46.0_-2.0,46.0,-2.0,100.0,71.282,60.723,69.397,88.324,19.617,20.257,6.584,46.0
grid_+46.0_+0.0,46.0,0.0,100.0,70.696,60.723,69.397,80.964,19.705,20.218,6.609,45.5
grid_+46.0_+2.0,46.0,2.0,100.0,70.705,60.723,69.397,80.964,19.75,20.193,6.595,45.833
grid_+46.0_+4.0,46.0,4.0,100.0,70.911,60.723,69.397,88.324,19.717,20.073,6.578,45.667
grid_+46.0_+6.0,46.0,6.0,100.0,71.337,60.723,69.397,88.324,19.639,20.217,6.587,45.667
grid_+46.0_+8.0,46.0,8.0,100.0,71.469,60.723,69.397,88.324,19.538,20.412,6.587,45.667
grid_+46.0_+10.0,46.0,10.0,100.0,71.452,60.723,69.397,88.324,19.481,20.128,6.612,45.5
grid_+46.0_+12.0,46.0,12.0,100.0,71.117,60.723,69.397,88.324,19.497,20.078,6.601,46.0
grid_+46.0_+14.0,46.0,14.0,100.0,71.201,60.723,69.397,88.324,19.57,20.065,6.592,46.0
grid_+46.0_+16.0,46.0,16.0,100.0,72.105,60.723,69.397,88.324,19.655,20.223,6.612,45.5
grid_+46.0_+18.0,46.0,18.0,100.0,74.733,64.771,74.736,97.156,19.746,20.463,6.578,45.833
grid_+46.0_+20.0,46.0,20.0,100.0,83.898,64.771,74.736,121.445,19.858,20.761,6.583,46.0
grid_+46.0_+22.0,46.0,22.0,100.0,105.708,64.771,88.324,194.313,19.981,20.999,6.588,45.833
grid_+46.0_+24.0,46.0,24.0,100.0,176.943,69.397,121.445,485.782,20.154,21.233,6.601,45.667
grid_+48.0_-10.0,48.0,-10.0,100.0,177.707,74.736,121.445,485.782,19.615,20.404,6.84,41.667
grid_+48.0_-8.0,48.0,-8.0,100.0,102.29,69.397,88.324,194.313,19.425,20.184,6.807,41.167
grid_+48.0_-6.0,48.0,-6.0,100.0,82.527,64.771,80.964,107.952,19.321,19.948,6.835,41.333
grid_+48.0_-4.0,48.0,-4.0,100.0,75.467,64.771,74.736,88.324,19.324,19.922,6.836,41.333
grid_+48.0_-2.0,48.0,-2.0,100.0,73.931,64.771,74.736,88.324,19.412,19.971,6.813,41.0
grid_+48.0_+0.0,48.0,0.0,100.0,73.743,64.771,74.736,88.324,19.516,20.069,6.838,41.5
grid_+48.0_+2.0,48.0,2.0,100.0,74.105,64.771,74.736,88.324,19.569,20.204,6.811,41.167
grid_+48.0_+4.0,48.0,4.0,100.0,74.989,64.771,74.736,88.324,19.532,20.292,6.828,41.167
grid_+48.0_+6.0,48.0,6.0,100.0,75.691,64.771,74.736,88.324,19.422,20.242,6.839,41.667
grid_+48.0_+8.0,48.0,8.0,100.0,75.486,64.771,74.736,88.324,19.326,19.995,6.8,41.0
grid_+48.0_+10.0,48.0,10.0,100.0,75.469,64.771,74.736,88.324,19.307,19.864,6.835,41.333
grid_+48.0_+12.0,48.0,12.0,100.0,75.338,64.771,74.736,88.324,19.369,19.847,6.835,41.667
grid_+48.0_+14.0,48.0,14.0,100.0,75.174,64.771,74.736,88.324,19.452,19.837,6.822,41.0
grid_+48.0_+16.0,48.0,16.0,100.0,75.371,64.771,74.736,88.324,19.517,19.883,6.832,41.333
grid_+48.0_+18.0,48.0,18.0,100.0,76.333,64.771,74.736,97.156,19.569,20.057,6.785,40.667
grid_+48.0_+20.0,48.0,20.0,100.0,82.735,64.771,80.964,107.952,19.597,20.243,6.839,41.333
grid_+48.0_+22.0,48.0,22.0,100.0,103.558,69.397,88.324,194.313,19.675,20.566,6.836,41.5
grid_+48.0_+24.0,48.0,24.0,100.0,173.264,74.736,121.445,485.782,19.8,20.857,6.825,41.167
grid_+50.0_-10.0,50.0,-10.0,100.0,177.353,44.162,97.156,971.564,19.442,20.001,6.616,65.5
grid_+50.0_-8.0,50.0,-8.0,100.0,95.886,38.863,80.964,242.891,19.249,19.703,6.628,65.167
grid_+50.0_-6.0,50.0,-6.0,100.0,73.595,33.502,74.736,121.445,19.149,19.495,6.617,65.333
grid_+50.0_-4.0,50.0,-4.0,100.0,66.888,30.361,74.736,97.156,19.158,19.511,6.619,65.5
grid_+50.0_-2.0,50.0,-2.0,100.0,64.921,29.441,69.397,88.324,19.269,19.69,6.631,64.833
grid_+50.0_+0.0,50.0,0.0,100.0,64.146,28.575,69.397,88.324,19.421,19.861,6.614,65.5
grid_+50.0_+2.0,50.0,2.0,100.0,65.165,29.441,74.736,88.324,19.472,19.913,6.626,65.333
grid_+50.0_+4.0,50.0,4.0,100.0,66.065,29.441,74.736,88.324,19.381,19.814,6.626,65.0
grid_+50.0_+6.0,50.0,6.0,100.0,66.719,30.361,74.736,88.324,19.233,19.658,6.627,65.333
grid_+50.0_+8.0,50.0,8.0,100.0,66.7,30.361,74.736,88.324,19.141,19.475,6.642,65.167
grid_+50.0_+10.0,50.0,10.0,100.0,65.643,28.575,74.736,88.324,19.16,19.519,6.62,65.5
grid_+50.0_+12.0,50.0,12.0,100.0,65.235,28.575,74.736,88.324,19.268,19.655,6.623,65.167
grid_+50.0_+14.0,50.0,14.0,100.0,65.32,28.575,74.736,88.324,19.371,19.739,6.627,65.333
grid_+50.0_+16.0,50.0,16.0,100.0,65.182,27.759,74.736,88.324,19.368,19.752,6.619,65.667
grid_+50.0_+18.0,50.0,18.0,100.0,67.263,30.361,74.736,97.156,19.279,19.763,6.641,65.333
grid_+50.0_+20.0,50.0,20.0,100.0,73.103,32.385,74.736,121.445,19.199,19.735,6.621,64.833
grid_+50.0_+22.0,50.0,22.0,100.0,94.543,35.984,80.964,194.313,19.205,19.755,6.612,65.333
grid_+50.0_+24.0,50.0,24.0,100.0,174.939,44.162,97.156,485.782,19.3,19.908,6.631,65.0
grid_+52.0_-10.0,52.0,-10.0,100.0,109.816,38.863,80.964,242.891,19.417,20.081,6.122,54.667
grid_+52.0_-8.0,52.0,-8.0,100.0,70.188,33.502,60.723,138.795,19.237,19.762,6.122,54.5
grid_+52.0_-6.0,52.0,-6.0,100.0,58.15,30.361,53.976,97.156,19.141,19.561,6.108,54.5
grid_+52.0_-4.0,52.0,-4.0,100.0,53.677,29.441,48.578,88.324,19.151,19.578,6.114,54.333
grid_+52.0_-2.0,52.0,-2.0,100.0,51.586,28.575,46.265,88.324,19.254,19.731,6.108,54.667
grid_+52.0_+0.0,52.0,0.0,100.0,50.959,27.759,46.265,80.964,19.372,19.667,6.13,54.333
grid_+52.0_+2.0,52.0,2.0,100.0,51.912,28.575,46.265,88.324,19.413,19.611,6.119,54.5
grid_+52.0_+4.0,52.0,4.0,100.0,52.826,28.575,46.265,88.324,19.348,19.684,6.117,54.667
grid_+52.0_+6.0,52.0,6.0,100.0,53.467,28.575,48.578,88.324,19.213,19.739,6.118,54.833
grid_+52.0_+8.0,52.0,8.0,100.0,53.251,28.575,46.265,88.324,19.131,19.542,6.096,54.833
grid_+52.0_+10.0,52.0,10.0,100.0,52.711,27.759,48.578,88.324,19.139,19.584,6.123,54.667
grid_+52.0_+12.0,52.0,12.0,100.0,51.481,27.759,46.265,88.324,19.211,19.458,6.115,54.667
grid_+52.0_+14.0,52.0,14.0,100.0,50.684,26.988,46.265,80.964,19.25,19.429,6.105,55.167
grid_+52.0_+16.0,52.0,16.0,100.0,51.837,27.759,46.265,88.324,19.207,19.502,6.111,54.667
grid_+52.0_+18.0,52.0,18.0,100.0,53.02,27.759,46.265,88.324,19.09,19.539,6.107,54.833
grid_+52.0_+20.0,52.0,20.0,100.0,57.067,29.441,51.135,97.156,18.997,19.381,6.112,54.333
grid_+52.0_+22.0,52.0,22.0,100.0,69.664,32.385,60.723,138.795,18.998,19.387,6.125,54.833
grid_+52.0_+24.0,52.0,24.0,100.0,110.33,35.984,80.964,242.891,19.101,19.639,6.11,54.333
grid_+54.0_-10.0,54.0,-10.0,100.0,103.264,34.699,74.736,242.891,19.584,20.379,5.323,43.833
grid_+54.0_-8.0,54.0,-8.0,100.0,63.806,30.361,53.976,121.445,19.407,20.042,5.344,42.5
grid_+54.0_-6.0,54.0,-6.0,100.0,51.229,28.575,44.162,88.324,19.315,19.793,5.344,43.333
grid_+54.0_-4.0,54.0,-4.0,100.0,46.975,27.759,40.482,88.324,19.324,19.81,5.34,43.0
grid_+54.0_-2.0,54.0,-2.0,100.0,44.877,27.759,35.984,80.964,19.403,19.837,5.344,43.0
grid_+54.0_+0.0,54.0,0.0,100.0,44.231,27.759,34.699,80.964,19.478,19.692,5.326,43.5
grid_+54.0_+2.0,54.0,2.0,100.0,44.678,27.759,35.984,80.964,19.504,19.671,5.341,43.5
grid_+54.0_+4.0,54.0,4.0,100.0,45.268,27.759,35.984,80.964,19.455,19.721,5.327,43.5
grid_+54.0_+6.0,54.0,6.0,100.0,46.002,27.759,35.984,88.324,19.368,19.888,5.329,44.167
grid_+54.0_+8.0,54.0,8.0,100.0,45.735,27.759,35.984,88.324,19.3,19.757,5.348,43.333
grid_+54.0_+10.0,54.0,10.0,100.0,44.804,27.759,34.699,80.964,19.299,19.649,5.331,43.833
grid_+54.0_+12.0,54.0,12.0,100.0,43.883,26.988,34.699,80.964,19.322,19.531,5.334,44.0
grid_+54.0_+14.0,54.0,14.0,100.0,43.499,26.988,34.699,80.964,19.328,19.52,5.341,43.667
grid_+54.0_+16.0,54.0,16.0,100.0,44.441,26.988,34.699,80.964,19.283,19.553,5.32,43.833
grid_+54.0_+18.0,54.0,18.0,100.0,46.206,27.759,38.863,88.324,19.192,19.671,5.341,43.333
grid_+54.0_+20.0,54.0,20.0,100.0,50.877,27.759,44.162,88.324,19.111,19.557,5.33,43.667
grid_+54.0_+22.0,54.0,22.0,100.0,62.237,29.441,53.976,121.445,19.11,19.566,5.334,43.5
grid_+54.0_+24.0,54.0,24.0,100.0,102.37,32.385,74.736,242.891,19.21,19.846,5.343,43.167
grid_+56.0_-10.0,56.0,-10.0,100.0,95.979,31.341,69.397,323.855,19.967,20.928,4.313,35.833
grid_+56.0_-8.0,56.0,-8.0,100.0,60.304,29.441,51.135,121.445,19.797,20.526,4.294,36.0
grid_+56.0_-6.0,56.0,-6.0,100.0,46.791,27.759,42.242,80.964,19.715,20.354,4.316,35.833
grid_+56.0_-4.0,56.0,-4.0,100.0,41.031,27.759,35.984,69.397,19.718,20.297,4.315,35.333
grid_+56.0_-2.0,56.0,-2.0,100.0,39.698,27.759,34.699,74.736,19.749,20.118,4.295,36.333
grid_+56.0_+0.0,56.0,0.0,100.0,38.409,27.759,32.385,69.397,19.791,20.03,4.319,36.0
grid_+56.0_+2.0,56.0,2.0,100.0,38.682,27.759,31.341,74.736,19.801,19.999,4.297,35.667
grid_+56.0_+4.0,56.0,4.0,100.0,38.759,27.759,31.341,74.736,19.778,20.053,4.305,36.167
grid_+56.0_+6.0,56.0,6.0,100.0,38.615,26.988,31.341,74.736,19.731,20.153,4.319,36.0
grid_+56.0_+8.0,56.0,8.0,100.0,38.67,26.988,31.341,74.736,19.688,20.222,4.309,36.167
grid_+56.0_+10.0,56.0,10.0,100.0,37.709,26.988,31.341,69.397,19.662,20.038,4.329,35.833
grid_+56.0_+12.0,56.0,12.0,100.0,37.968,26.988,31.341,69.397,19.645,19.935,4.307,35.833
grid_+56.0_+14.0,56.0,14.0,100.0,37.913,26.988,31.341,69.397,19.621,19.866,4.304,36.333
grid_+56.0_+16.0,56.0,16.0,100.0,38.192,26.988,33.502,69.397,19.576,19.874,4.327,36.167
grid_+56.0_+18.0,56.0,18.0,100.0,40.525,26.988,35.984,74.736,19.52,19.95,4.319,36.167
grid_+56.0_+20.0,56.0,20.0,100.0,45.911,27.759,40.482,80.964,19.47,20.109,4.308,36.0
grid_+56.0_+22.0,56.0,22.0,100.0,59.108,27.759,48.578,121.445,19.477,20.101,4.316,36.0
grid_+56.0_+24.0,56.0,24.0,100.0,93.907,30.361,64.771,242.891,19.566,20.305,4.294,35.833
grid_+58.0_-10.0,58.0,-10.0,100.0,101.182,28.216,60.723,319.782,20.483,21.523,3.046,30.0
grid_+58.0_-8.0,58.0,-8.0,100.0,58.296,27.41,46.265,128.384,20.321,21.166,3.057,29.833
grid_+58.0_-6.0,58.0,-6.0,100.0,44.629,27.233,40.482,74.891,20.248,20.925,3.046,29.667
grid_+58.0_-4.0,58.0,-4.0,100.0,38.058,27.233,35.984,56.168,20.229,20.712,3.054,29.667
grid_+58.0_-2.0,58.0,-2.0,100.0,35.67,27.233,33.502,52.864,20.242,20.583,3.05,29.833
grid_+58.0_+0.0,58.0,0.0,100.0,34.454,27.233,32.096,52.864,20.257,20.492,3.04,29.667
grid_+58.0_+2.0,58.0,2.0,100.0,34.301,26.988,30.361,53.297,20.261,20.467,3.064,29.667
grid_+58.0_+4.0,58.0,4.0,100.0,34.322,26.432,30.361,56.168,20.25,20.513,3.044,30.0
grid_+58.0_+6.0,58.0,6.0,100.0,34.062,25.677,30.361,56.168,20.229,20.6,3.033,29.833
grid_+58.0_+8.0,58.0,8.0,100.0,34.071,25.677,30.361,56.168,20.197,20.739,3.043,29.833
grid_+58.0_+10.0,58.0,10.0,100.0,33.653,26.258,30.361,53.297,20.158,20.589,3.054,29.667
grid_+58.0_+12.0,58.0,12.0,100.0,33.573,26.988,29.98,53.297,20.116,20.411,3.065,29.667
grid_+58.0_+14.0,58.0,14.0,100.0,33.698,26.988,30.989,52.864,20.081,20.346,3.062,29.5
grid_+58.0_+16.0,58.0,16.0,100.0,34.499,26.432,32.385,50.492,20.038,20.333,3.037,29.833
grid_+58.0_+18.0,58.0,18.0,100.0,36.978,26.258,34.699,56.168,20.001,20.396,3.064,29.833
grid_+58.0_+20.0,58.0,20.0,100.0,43.188,26.432,37.445,74.891,19.974,20.528,3.039,29.833
grid_+58.0_+22.0,58.0,22.0,100.0,58.301,26.432,44.162,137.049,19.993,20.693,3.051,29.667
grid_+58.0_+24.0,58.0,24.0,100.0,99.29,28.084,60.723,319.782,20.078,20.942,3.051,29.833
grid_+60.0_-10.0,60.0,-10.0,100.0,106.677,24.483,50.708,403.964,21.081,22.148,1.545,27.0
grid_+60.0_-8.0,60.0,-8.0,100.0,53.402,24.483,39.183,134.655,20.919,21.776,1.548,26.667
grid_+60.0_-6.0,60.0,-6.0,100.0,40.11,24.483,34.565,73.448,20.85,21.481,1.551,26.833
grid_+60.0_-4.0,60.0,-4.0,100.0,33.368,24.483,30.989,47.525,20.822,21.254,1.549,26.667
grid_+60.0_-2.0,60.0,-2.0,100.0,30.986,24.63,29.725,42.522,20.822,21.145,1.553,27.0
grid_+60.0_+0.0,60.0,0.0,100.0,29.741,24.63,28.084,40.396,20.826,21.076,1.537,27.0
grid_+60.0_+2.0,60.0,2.0,100.0,29.321,24.483,27.233,41.049,20.827,21.049,1.56,26.667
grid_+60.0_+4.0,60.0,4.0,100.0,29.158,23.084,27.233,41.049,20.821,21.081,1.546,26.833
grid_+60.0_+6.0,60.0,6.0,100.0,29.12,23.084,27.233,42.522,20.814,21.163,1.542,26.667
grid_+60.0_+8.0,60.0,8.0,100.0,28.943,23.084,27.233,40.396,20.79,21.255,1.566,27.0
grid_+60.0_+10.0,60.0,10.0,100.0,28.872,23.298,26.939,40.396,20.743,21.158,1.546,26.667
grid_+60.0_+12.0,60.0,12.0,100.0,28.727,23.945,26.931,40.396,20.688,20.965,1.548,27.0
grid_+60.0_+14.0,60.0,14.0,100.0,29.011,24.289,27.233,40.396,20.648,20.9,1.552,26.833
grid_+60.0_+16.0,60.0,16.0,100.0,29.931,23.945,28.735,38.473,20.608,20.879,1.559,27.0
grid_+60.0_+18.0,60.0,18.0,100.0,32.352,23.65,30.787,47.525,20.581,20.936,1.56,26.833
grid_+60.0_+20.0,60.0,20.0,100.0,38.543,23.298,33.155,73.448,20.566,21.05,1.553,26.667
grid_+60.0_+22.0,60.0,22.0,100.0,53.874,23.763,38.473,134.655,20.587,21.245,1.542,26.833
grid_+60.0_+24.0,60.0,24.0,100.0,104.538,24.483,50.495,403.964,20.675,21.594,1.56,26.667
